<?xml version="1.0" encoding="UTF-8" standalone="yes"?>
<addon id="repository.tutorial" name="Tutorial Repository" version="1.0" provider-name="anon-kodi">
    <extension point="xbmc.addon.repository" name="Example Repository">
        <dir>
            <info compressed="false">https://raw.githubusercontent.com/anon-kodi/repository.tutorial/master/repo/zips/addons.xml</info>
            <checksum>https://raw.githubusercontent.com/anon-kodi/repository.tutorial/master/repo/zips/addons.xml.md5</checksum>
            <datadir zip="true">https://raw.githubusercontent.com/anon-kodi/repository.tutorial/master/repo/zips/</datadir>
        </dir>
    </extension>
    <extension point="xbmc.addon.metadata">
        <summary>Tutorial Repository</summary>
        <description>Tutorial on setting up</description>
        <disclaimer></disclaimer>
        <platform>all</platform>
        <assets>
            <icon>icon.png</icon>
            <fanart>fanart.jpg</fanart>
        </assets>
    </extension>
</addon>